Title,Summary,Publication Date,Source,URL
Bowen: Huge Beirut strike leaves West powerless as Israel chases victory,Diplomats were hoping to calm matters - they will be looking at events with dismay.,3 hrs ago,BBC,https://www.bbc.com/news/articles/ckgn5xkp3rko
Who is Hezbollah leader Hassan Nasrallah?,He played a key role in turning Hezbollah into the political and military force it is today.,3 hrs ago,BBC,https://www.bbc.com/news/articles/c1wnp0vln19o
Watch: BBC correspondent records moment air strike hits Beirut,BBC reporters capture the moment and aftermath of an Israeli air strike in southern Lebanon.,16 hrs ago,BBC,https://www.bbc.com/news/videos/cd0zvj0y9d7o
Manhunt under way as 17 people killed in South Africa mass shooting,Fifteen women and two men were killed in a targeted attack on a village in Lusikisiki police say.,3 hrs ago,BBC,https://www.bbc.com/news/articles/cx25vperv9go
Penguin chicks survive colossal tearaway iceberg,For months a huge iceberg blocked the path of hundreds of penguin chicks but somehow they survived.,11 hrs ago,BBC,https://www.bbc.com/news/articles/c3wp4qnljd1o
Manhunt under way as 17 people killed in South Africa mass shooting,Fifteen women and two men were killed in a targeted attack on a village in Lusikisiki police say.,3 hrs ago,BBC,https://www.bbc.com/news/articles/cx25vperv9go
Kashmir hopes for a voice after first election in 10 years,"As elections are held after a 10-year gap, people in Kashmir say they have waited long to be heard.",11 hrs ago,BBC,https://www.bbc.com/news/articles/cx20rr57g16o
"'Never shy on stage, always shy off it' - what Dame Maggie Smith was really like",She was a multi award-winning actress - but Dame Maggie Smith never loved the limelight.,14 mins ago,BBC,https://www.bbc.com/news/articles/cx2kl4338ddo
Al Fayed's son 'horrified' by sexual abuse allegations,"Omar Al Fayed says the allegations have ""thrown into question the loving memory I had of him"".",15 hrs ago,BBC,https://www.bbc.com/news/articles/cvgdnmx3r43o
Penguin chicks survive colossal tearaway iceberg,For months a huge iceberg blocked the path of hundreds of penguin chicks but somehow they survived.,11 hrs ago,BBC,https://www.bbc.com/news/articles/c3wp4qnljd1o
BBC visits scene of Israeli air strike in Lebanese village,"Nine people were killed in Shebaa, including two children, a pregnant woman and her unborn child.",20 hrs ago,BBC,https://www.bbc.com/news/videos/c4g9dx20z21o
Can diplomacy bring Middle East ceasefire? Early signs don't bode well,The new plan packages up a series of regional objectives that have remained out of reach for diplomats for nearly two decades.,2 days ago,BBC,https://www.bbc.com/news/articles/cz04depp2nro
What satellite data shows about missile damage in Lebanon,"After rocket attacks between Hezbollah and Israeli forces ramped up, the damage in southern Lebanon is clear",1 day ago,BBC,https://www.bbc.com/news/videos/cjwdqx6e2yjo
Iran faces dilemma of restraint or revenge for attacks on ally Hezbollah,Iran has sought to strike an unusually conciliatory tone in the face of attacks on its ally Hezbollah.,2 days ago,BBC,https://www.bbc.com/news/articles/clylgv2dk3yo
BBC finds Lebanese seaside city deserted after Israeli attacks,Correspondent Orla Guerin reports on airstrikes and evacuations in the southern city of Tyre.,3 days ago,BBC,https://www.bbc.com/news/videos/cx2m8z52y5zo
China is part of the US election - but only from one candidate,There is a stark difference in how - and how often - each candidate addresses the US-China relationship.,1 day ago,BBC,https://www.bbc.com/news/articles/ckgvr9kgkqyo
Blood tests help Bosnian families find closure after war,Relatives of victims of the Bosnian war hope the initiative will help find the remains of their loved ones.,11 hrs ago,BBC,https://www.bbc.com/news/articles/cy0lye0pxp8o
China is part of the US election - but only from one candidate,There is a stark difference in how - and how often - each candidate addresses the US-China relationship.,1 day ago,BBC,https://www.bbc.com/news/articles/ckgvr9kgkqyo
"Festival, football and floods: Photos of the week",A selection of striking news photographs taken around the world this week.,12 hrs ago,BBC,https://www.bbc.com/news/articles/ckgv557lz18o
Kashmir hopes for a voice after first election in 10 years,"As elections are held after a 10-year gap, people in Kashmir say they have waited long to be heard.",11 hrs ago,BBC,https://www.bbc.com/news/articles/cx20rr57g16o
Blood tests help Bosnian families find closure after war,Relatives of victims of the Bosnian war hope the initiative will help find the remains of their loved ones.,11 hrs ago,BBC,https://www.bbc.com/news/articles/cy0lye0pxp8o
NYC mayor pleads not guilty to bribery and fraud charges,"Eric Adams, who is accused of accepting illegal campaign funds, has rejected calls from his party to resign.",15 hrs ago,BBC,https://www.bbc.com/news/articles/c5y52rpgdyzo
Judge says controversial women-only art exhibit is legal,A Tasmanian court has overturned an anti-discrimination ruling that shut down the Ladies Lounge.,1 day ago,BBC,https://www.bbc.com/news/articles/cvglvy6gn54o
NYC mayor pleads not guilty to bribery and fraud charges,"Eric Adams, who is accused of accepting illegal campaign funds, has rejected calls from his party to resign.",15 hrs ago,BBC,https://www.bbc.com/news/articles/c5y52rpgdyzo
Al Fayed's son 'horrified' by sexual abuse allegations,"Omar Al Fayed says the allegations have ""thrown into question the loving memory I had of him"".",15 hrs ago,BBC,https://www.bbc.com/news/articles/cvgdnmx3r43o
How Cinnamon's great escape led to capybara craze,Two weeks ago the world did not know the capybara from Hoo Zoo in Telford existed.,12 hrs ago,BBC,https://www.bbc.com/news/articles/c749nwrj1njo
Judge says controversial women-only art exhibit is legal,A Tasmanian court has overturned an anti-discrimination ruling that shut down the Ladies Lounge.,1 day ago,BBC,https://www.bbc.com/news/articles/cvglvy6gn54o
Wada appeals against Sinner doping exoneration,World number one Jannik Sinner was cleared of wrongdoing after twice testing positive for a banned substance in March.,57 mins ago,BBC,https://www.bbc.com/sport/tennis/articles/c4gr8433527o
Championship: Leaders West Brom visit Sheff Wed among three early games - live text,Follow live text from Sheffield Wednesday v West Bromwich Albion and nine other games in the Championship on Saturday.,No publication date available,BBC,
Wada appeals against Sinner doping exoneration,World number one Jannik Sinner was cleared of wrongdoing after twice testing positive for a banned substance in March.,57 mins ago,BBC,https://www.bbc.com/sport/tennis/articles/c4gr8433527o
Martinez banned for 'offensive behaviour',Aston Villa goalkeeper Emiliano Martinez will miss two World Cup qualifiers for Argentina.,4 hrs ago,BBC,https://www.bbc.com/sport/football/articles/c756r1609dno
New Zealand beat Australia in Rugby Championship,"New Zealand finish their Rugby Championship campaign on a high, with a comfortable victory over a much-improved Australia in Wellington.",2 hrs ago,BBC,https://www.bbc.com/sport/rugby-union/articles/c39lz0wr9g2o
Championship: Leaders West Brom visit Sheff Wed among three early games - live text,Follow live text from Sheffield Wednesday v West Bromwich Albion and nine other games in the Championship on Saturday.,No publication date available,BBC,
